id,ingredient_id,category_id,user_id,source_id
1,1,402,,
2,2,501,,
3,3,401,,
4,4,401,,
5,5,101,,
6,6,705,,
7,7,102,,
8,8,102,,
9,9,101,,
10,10,404,,
11,11,707,,
12,12,705,,
13,13,104,,
14,14,104,,
15,15,701,,
16,16,707,,
17,17,707,,
18,18,401,,
19,19,401,,
20,20,704,,
21,21,711,,
22,22,707,,
23,23,707,,
24,24,707,,
25,25,710,,
26,26,702,,
27,27,701,,
28,28,101,,
29,29,906,,
30,30,201,,
31,31,706,,
32,32,102,,
33,33,702,,
34,34,701,,
35,35,710,,
36,36,304,,
37,37,712,,
38,38,707,,
39,39,703,,
40,40,702,,
41,41,707,,
42,42,102,,
43,43,709,,
44,44,709,,
45,45,710,,
46,46,707,,
47,47,106,,
48,48,102,,
49,49,707,,
50,50,102,,
51,51,106,,
52,52,303,,
53,53,303,,
54,54,303,,
55,55,101,,
56,56,709,,
57,57,402,,
58,58,402,,
59,59,402,,
60,60,711,,
61,61,402,,
62,62,702,,
63,63,707,,
64,64,304,,
65,65,102,,
66,66,707,,
67,67,102,,
68,68,712,,
69,69,102,,
70,70,104,,
71,71,703,,
72,72,403,,
73,73,203,,
74,74,104,,
75,75,707,,
76,76,707,,
77,77,707,,
78,78,710,,
79,79,712,,
80,80,305,,
81,81,301,,
82,82,303,,
83,83,901,,
84,84,301,,
85,85,104,,
86,86,104,,
87,87,707,,
88,88,204,,
89,89,706,,
90,90,305,,
91,91,305,,
92,92,303,,
93,93,102,,
94,94,707,,
95,95,707,,
96,96,707,,
97,97,710,,
98,98,710,,
99,99,704,,
100,100,710,,
101,101,703,,
102,102,803,,
103,103,104,,
104,104,404,,
105,105,305,,
106,106,707,,
107,107,905,,
108,108,306,,
109,109,204,,
110,110,306,,
111,111,306,,
112,112,306,,
113,113,704,,
114,114,704,,
115,115,705,,
116,116,707,,
117,117,701,,
118,118,102,,
119,119,707,,
120,120,707,,
121,121,303,,
122,122,704,,
123,123,709,,
124,124,307,,
125,125,706,,
126,126,706,,
127,127,106,,
128,128,306,,
129,129,306,,
130,130,702,,
131,131,104,,
132,132,104,,
133,133,104,,
134,134,601,,
135,135,302,,
136,136,707,,
137,137,102,,
138,138,707,,
139,139,707,,
140,140,704,,
141,141,705,,
142,142,102,,
143,143,902,,
144,144,704,,
145,145,704,,
146,146,710,,
147,147,303,,
148,148,710,,
149,149,101,,
150,150,302,,
151,151,702,,
152,152,102,,
153,153,703,,
154,154,702,,
155,155,704,,
156,156,709,,
157,157,707,,
158,158,707,,
159,159,303,,
160,160,204,,
161,161,704,,
162,162,305,,
163,163,710,,
164,164,102,,
165,165,711,,
166,166,704,,
167,167,603,,
168,168,403,,
169,169,707,,
170,170,102,,
171,171,701,,
172,172,106,,
173,173,103,,
174,174,707,,
175,175,502,,
176,176,707,,
177,177,401,,
178,178,401,,
179,179,401,,
180,180,701,,
181,181,401,,
182,182,102,,
183,183,101,,
184,184,902,,
185,185,101,,
186,186,101,,
187,187,103,,
188,188,101,,
189,189,103,,
190,190,701,,
191,191,501,,
192,192,707,,
193,193,707,,
194,194,704,,
195,195,714,,
196,196,203,,
197,197,301,,
198,198,401,,
199,199,802,,
200,200,104,,
201,201,303,,
202,202,303,,
203,203,710,,
204,204,105,,
205,205,704,,
206,206,704,,
207,207,704,,
208,208,707,,
209,209,705,,
210,210,705,,
211,211,707,,
212,212,102,,
213,213,101,,
214,214,101,,
215,215,707,,
216,216,704,,
217,217,707,,
218,218,404,,
219,219,303,,
220,220,303,,
221,221,303,,
222,222,104,,
223,223,713,,
224,224,705,,
225,225,709,,
226,226,102,,
227,227,303,,
228,228,701,,
229,229,102,,
230,230,709,,
231,231,703,,
232,232,712,,
233,233,706,,
234,234,101,,
235,235,706,,
236,236,106,,
237,237,502,,
238,238,203,,
239,239,713,,
240,240,502,,
241,241,707,,
242,242,102,,
243,243,707,,
244,244,102,,
245,245,102,,
246,246,707,,
247,247,905,,
248,248,702,,
249,249,701,,
250,250,701,,
251,251,701,,
252,252,701,,
253,253,701,,
254,254,103,,
255,255,708,,
256,256,707,,
257,257,104,,
258,258,906,,
259,259,704,,
260,260,707,,
261,261,304,,
262,262,403,,
263,263,707,,
264,264,706,,
265,265,301,,
266,266,709,,
267,267,102,,
268,268,303,,
269,269,303,,
270,270,106,,
271,271,707,,
272,272,707,,
273,273,305,,
274,274,704,,
275,275,307,,
276,276,701,,
277,277,103,,
278,278,102,,
279,279,102,,
280,280,102,,
281,281,101,,
282,282,710,,
283,283,714,,
284,284,705,,
285,285,704,,
286,286,704,,
287,287,704,,
288,288,704,,
289,289,704,,
290,290,104,,
291,291,704,,
292,292,102,,
293,293,102,,
294,294,702,,
295,295,501,,
296,296,707,,
297,297,707,,
298,298,106,,
299,299,706,,
300,300,706,,
301,301,401,,
302,302,307,,
303,303,705,,
304,304,711,,
305,305,711,,
306,306,704,,
307,307,102,,
308,308,705,,
309,309,901,,
310,310,712,,
311,311,501,,
312,312,501,,
313,313,705,,
314,314,905,,
315,315,301,,
316,316,701,,
317,317,201,,
318,318,704,,
319,319,302,,
320,320,102,,
321,321,801,,
322,322,305,,
323,323,710,,
324,324,802,,
325,325,710,,
326,326,704,,
327,327,701,,
328,328,701,,
329,329,305,,
330,330,706,,
331,331,502,,
332,332,701,,
333,333,501,,
334,334,701,,
335,335,502,,
336,336,502,,
337,337,711,,
338,338,501,,
339,339,703,,
340,340,102,,
341,341,102,,
342,342,402,,
343,343,402,,
344,344,711,,
345,345,701,,
346,346,701,,
347,347,701,,
348,348,710,,
349,349,201,,
350,350,305,,
351,351,502,,
352,352,703,,
353,353,705,,
354,354,303,,
355,355,401,,
356,356,401,,
357,357,101,,
358,358,102,,
359,359,701,,
360,360,401,,
361,361,402,,
362,362,704,,
363,363,102,,
364,364,705,,
365,365,705,,
366,366,102,,
367,367,705,,
368,368,702,,
369,369,104,,
370,370,702,,
371,371,702,,
372,372,704,,
373,373,305,,
374,374,303,,
375,375,303,,
376,376,714,,
377,377,703,,
378,378,101,,
379,379,101,,
380,380,101,,
381,381,709,,
382,382,709,,
383,383,710,,
384,384,710,,
385,385,710,,
386,386,712,,
387,387,712,,
388,388,712,,
389,389,102,,
390,390,203,,
391,391,709,,
392,392,706,,
393,393,709,,
394,394,101,,
395,395,102,,
396,396,102,,
397,397,102,,
398,398,703,,
399,399,709,,
400,400,105,,
401,401,705,,
402,402,303,,
403,403,204,,
404,404,702,,
405,405,102,,
406,406,702,,
407,407,701,,
408,408,704,,
409,409,204,,
410,410,701,,
411,411,102,,
412,412,105,,
413,413,906,,
414,414,705,,
415,415,201,,
416,416,102,,
417,417,705,,
418,418,106,,
419,419,404,,
420,420,502,,
421,421,904,,
422,422,705,,
423,423,405,,
424,424,405,,
425,425,501,,
426,426,501,,
427,427,102,,
428,428,714,,
429,429,714,,
430,430,305,,
431,431,703,,
432,432,101,,
433,433,101,,
434,434,709,,
435,435,101,,
436,436,706,,
437,437,706,,
438,438,706,,
439,439,706,,
440,440,713,,
441,441,712,,
442,442,709,,
443,443,404,,
444,444,702,,
445,445,706,,
446,446,706,,
447,447,714,,
448,448,714,,
449,449,101,,
450,450,703,,
451,451,710,,
452,452,708,,
453,453,708,,
454,454,306,,
455,455,401,,
456,456,707,,
457,457,305,,
458,458,905,,
459,459,101,,
460,460,303,,
461,461,404,,
462,462,304,,
463,463,303,,
464,464,104,,
465,465,104,,
466,466,101,,
467,467,712,,
468,468,707,,
469,469,502,,
470,470,706,,
471,471,706,,
472,472,601,,
473,473,401,,
474,474,703,,
475,475,703,,
476,476,704,,
477,477,704,,
478,478,705,,
479,479,501,,
480,480,707,,
481,481,703,,
482,482,707,,
483,483,401,,
484,484,102,,
485,485,701,,
486,486,102,,
487,487,405,,
488,488,702,,
489,489,501,,
490,490,705,,
491,491,705,,
492,492,709,,
493,493,307,,
494,494,704,,
495,495,702,,
496,496,102,,
497,497,707,,
498,498,204,,
499,499,706,,
500,500,701,,
501,501,905,,
502,502,704,,
503,503,704,,
504,504,102,,
505,505,701,,
506,506,105,,
507,507,906,,
508,508,906,,
509,509,906,,
510,510,201,,
511,511,803,,
512,512,705,,
513,513,501,,
514,514,802,,
515,515,701,,
516,516,707,,
517,517,709,,
518,518,707,,
519,519,709,,
520,520,405,,
521,521,401,,
522,522,702,,
523,523,501,,
524,524,707,,
525,525,203,,
526,526,706,,
527,527,703,,
528,528,906,,
529,529,906,,
530,530,706,,
531,531,707,,
532,532,713,,
533,533,106,,
534,534,202,,
535,535,202,,
536,536,202,,
537,537,401,,
538,538,401,,
539,539,106,,
540,540,102,,
541,541,711,,
542,542,711,,
543,543,102,,
544,544,704,,
545,545,704,,
546,546,101,,
547,547,204,,
548,548,701,,
549,549,701,,
550,550,704,,
551,551,709,,
552,552,202,,
553,553,103,,
554,554,704,,
555,555,303,,
556,556,705,,
557,557,901,,
558,558,901,,
559,559,704,,
560,560,710,,
561,561,403,,
562,562,403,,
563,563,703,,
564,564,707,,
565,565,501,,
566,566,713,,
567,567,103,,
568,568,701,,
569,569,101,,
570,570,905,,
571,571,106,,
572,572,501,,
573,573,201,,
574,574,701,,
575,575,714,,
576,576,101,,
577,577,1001,,
578,578,707,,
579,579,707,,
580,580,404,,
581,581,713,,
582,582,401,,
583,583,303,,
584,584,711,,
585,585,401,,
586,586,106,,
587,587,104,,
588,588,101,,
589,589,712,,
590,590,702,,
591,591,501,,
592,592,710,,
593,593,106,,
594,594,707,,
595,595,707,,
596,596,404,,
597,597,710,,
598,598,106,,
599,599,302,,
600,600,906,,
601,601,707,,
602,602,704,,
603,603,707,,
604,604,104,,
605,605,203,,
606,606,402,,
607,607,708,,
608,608,401,,
609,609,706,,
610,610,705,,
611,611,706,,
612,612,706,,
613,613,701,,
614,614,303,,
615,615,102,,
616,616,305,,
617,617,706,,
618,618,710,,
619,619,706,,
620,620,706,,
621,621,301,,
622,622,304,,
623,623,706,,
624,624,501,,
625,625,502,,
626,626,102,,
627,627,707,,
628,628,106,,
629,629,711,,
630,630,401,,
631,631,305,,
632,632,709,,
633,633,401,,
634,634,404,,
635,635,401,,
636,636,704,,
637,637,713,,
638,638,706,,
639,639,401,,
640,640,707,,
641,641,303,,
642,642,104,,
643,643,404,,
644,644,706,,
645,645,701,,
646,646,702,,
647,647,711,,
648,648,102,,
649,649,502,,
650,650,906,,
651,651,501,,
652,652,705,,
653,653,703,,
654,654,401,,
655,655,404,,
656,656,102,,
657,657,201,,
658,658,714,,
659,659,906,,
660,660,602,,
661,661,102,,
662,662,201,,
663,663,707,,
664,664,102,,
665,665,709,,
666,666,404,,
667,667,401,,
668,668,706,,
669,669,709,,
670,670,303,,
671,671,704,,
672,672,104,,
673,673,102,,
674,674,704,,
675,675,102,,
676,676,104,,
677,677,707,,
678,678,707,,
679,679,701,,
680,680,707,,
681,681,401,,
682,682,104,,
683,683,105,,
684,684,902,,
685,685,713,,
686,686,401,,
687,687,704,,
688,688,705,,
689,689,702,,
690,690,501,,
691,691,103,,
692,692,701,,
693,693,502,,
694,694,704,,
695,695,104,,
696,696,701,,
697,697,103,,
698,698,707,,
699,699,701,,
700,700,103,,
701,701,102,,
702,702,203,,
703,703,701,,
704,704,1401,,
705,705,1401,,
706,706,401,,
707,707,707,,
708,708,707,,
709,709,707,,
710,710,707,,
711,711,201,,
712,712,709,,
713,713,803,,
714,714,701,,
715,715,305,,
716,716,303,,
717,717,701,,
718,718,501,,
719,719,103,,
720,720,401,,
721,721,102,,
722,722,901,,
723,723,102,,
724,724,401,,
725,725,711,,
726,726,106,,
727,727,707,,
728,728,401,,
729,729,710,,
730,730,702,,
731,731,307,,
732,732,704,,
733,733,706,,
734,734,201,,
735,735,709,,
736,736,501,,
737,737,102,,
738,738,501,,
739,739,501,,
740,740,102,,
741,741,405,,
742,742,402,,
743,743,102,,
744,744,705,,
745,745,704,,
746,746,307,,
747,747,102,,
748,748,704,,
749,749,710,,
750,750,707,,
751,751,707,,
752,752,707,,
753,753,102,,
754,754,402,,
755,755,709,,
756,756,704,,
757,757,704,,
758,758,707,,
759,759,714,,
760,760,706,,
761,761,802,,
762,762,305,,
763,763,706,,
764,764,709,,
765,765,106,,
766,766,706,,
767,767,701,,
768,768,303,,
769,769,203,,
770,770,713,,
771,771,709,,
772,772,101,,
773,773,403,,
774,774,102,,
775,775,103,,
776,776,101,,
777,777,709,,
778,778,403,,
779,779,707,,
780,780,707,,
781,781,707,,
782,782,703,,
783,783,401,,
784,784,102,,
785,785,709,,
786,786,101,,
787,787,401,,
788,788,701,,
789,789,709,,
790,790,704,,
791,791,403,,
792,792,601,,
793,793,713,,
794,794,706,,
795,795,710,,
796,796,706,,
797,797,712,,
798,798,706,,
799,799,902,,
800,800,706,,
801,801,401,,
802,802,102,,
803,803,106,,
804,804,106,,
805,805,106,,
806,806,710,,
807,807,401,,
808,808,701,,
809,809,106,,
810,810,404,,
811,811,708,,
812,812,710,,
813,813,1001,,
814,814,101,,
815,815,707,,
816,816,701,,
817,817,706,,
818,818,101,,
819,819,204,,
820,820,1001,,
821,821,704,,
822,822,1001,,
823,823,702,,
824,824,702,,
825,825,705,,
826,826,101,,
827,827,714,,
828,828,803,,
829,829,707,,
830,830,707,,
831,831,106,,
832,832,707,,
833,833,708,,
834,834,904,,
835,835,704,,
836,836,714,,
837,837,707,,
838,838,711,,
839,839,501,,
840,840,707,,
841,841,701,,
842,842,707,,
843,843,402,,
844,844,402,,
845,845,707,,
846,846,704,,
847,847,103,,
848,848,502,,
849,849,301,,
850,850,706,,
851,851,301,,
852,852,902,,
853,853,705,,
854,854,705,,
855,855,103,,
856,856,104,,
857,857,307,,
858,858,704,,
859,859,711,,
860,860,905,,
861,861,102,,
862,862,702,,
863,863,707,,
864,864,711,,
865,865,204,,
866,866,704,,
867,867,704,,
868,868,102,,
869,869,101,,
870,870,902,,
871,871,502,,
872,872,706,,
873,873,702,,
874,874,710,,
875,875,707,,
876,876,709,,
877,877,710,,
878,878,708,,
879,879,703,,
880,880,103,,
881,881,101,,
882,882,704,,
883,883,705,,
884,884,402,,
885,885,402,,
886,886,404,,
887,887,102,,
888,888,701,,
